precipitation,day,month,year,temperature,dewpoint,humidity,wind
1.00,1,8,2015,79,58,50,10
0.00,2,8,2015,78,54,52,11
0.00,3,8,2015,79,64,67,13
0.49,4,8,2015,78,66,68,9
0.00,5,8,2015,75,57,58,11
0.00,6,8,2015,74,53,51,9
0.00,7,8,2015,69,57,70,8
0.00,8,8,2015,69,57,68,6
0.00,9,8,2015,68,59,80,9
0.00,10,8,2015,73,59,67,10
0.83,11,8,2015,68,67,94,10
0.00,12,8,2015,77,63,70,9
0.00,13,8,2015,74,59,62,8
0.00,14,8,2015,75,57,57,9
0.08,15,8,2015,80,63,64,8
0.00,16,8,2015,79,66,70,7
0.00,17,8,2015,81,67,64,8
0.14,18,8,2015,79,69,76,8
0.00,19,8,2015,80,68,72,9
0.00,20,8,2015,73,69,88,11
0.63,21,8,2015,75,70,87,6
1.00,22,8,2015,70,66,90,7
0.02,23,8,2015,69,68,97,8
1.00,24,8,2015,72,68,92,6
0.00,25,8,2015,74,69,81,9
1.00,26,8,2015,77,64,71,8
0.00,27,8,2015,74,54,54,10
0.00,28,8,2015,70,56,63,8
0.00,29,8,2015,73,55,59,7
0.00,30,8,2015,79,61,58,9
0.00,31,8,2015,81,63,60,11
0.50,1,7,2015,72,64,78,10
0.00,2,7,2015,72,56,60,9
0.00,3,7,2015,70,53,56,9
1.00,4,7,2015,67,58,75,4
0.00,5,7,2015,72,59,67,8
0.00,6,7,2015,74,63,69,7
0.02,7,7,2015,75,68,77,10
1.00,8,7,2015,79,67,68,11
0.15,9,7,2015,66,57,77,8
1.12,10,7,2015,69,61,74,8
0.00,11,7,2015,76,57,49,8
0.00,12,7,2015,81,61,54,9
0.00,13,7,2015,72,65,81,6
0.03,14,7,2015,74,67,72,8
1.00,15,7,2015,75,68,87,7
0.00,16,7,2015,64,51,65,11
1.00,17,7,2015,68,58,72,9
0.14,18,7,2015,71,65,81,11
1.00,19,7,2015,81,71,73,9
1.00,20,7,2015,81,66,62,9
1.00,21,7,2015,76,63,66,7
0.00,22,7,2015,77,55,58,12
0.00,23,7,2015,75,54,52,7
0.01,24,7,2015,74,56,60,9
0.00,25,7,2015,66,59,81,9
1.00,26,7,2015,71,64,79,8
0.06,27,7,2015,77,67,74,8
0.00,28,7,2015,78,69,80,8
0.00,29,7,2015,82,67,66,7
0.02,30,7,2015,83,70,73,14
0.00,31,7,2015,81,59,61,11
0.38,1,6,2015,48,47,97,14
0.74,2,6,2015,48,45,93,11
0.00,3,6,2015,52,45,82,7
0.00,4,6,2015,54,45,74,6
1.00,5,6,2015,55,48,83,8
0.09,6,6,2015,60,51,73,7
0.00,7,6,2015,60,40,47,11
1.00,8,6,2015,65,53,71,17
1.00,9,6,2015,71,63,81,13
0.00,10,6,2015,72,54,54,11
0.00,11,6,2015,76,58,56,14
0.00,12,6,2015,72,55,60,9
1.00,13,6,2015,75,59,56,9
0.00,14,6,2015,68,51,56,10
0.40,15,6,2015,59,53,84,9
1.00,16,6,2015,64,59,91,5
0.00,17,6,2015,64,46,55,10
0.00,18,6,2015,67,49,59,10
0.00,19,6,2015,75,57,64,10
0.04,20,6,2015,67,51,64,9
1.72,21,6,2015,68,65,91,6
0.00,22,6,2015,69,62,84,6
0.01,23,6,2015,74,66,80,12
0.00,24,6,2015,76,54,52,11
0.00,25,6,2015,73,55,56,7
1.00,26,6,2015,66,53,68,8
0.20,27,6,2015,63,55,76,8
1.43,28,6,2015,56,56,94,18
1.00,29,6,2015,64,56,80,7
0.00,30,6,2015,68,60,81,7
0.00,1,5,2015,44,39,82,8
0.00,2,5,2015,45,40,82,7
0.00,3,5,2015,56,42,61,9
0.00,4,5,2015,67,43,52,13
0.02,5,5,2015,62,50,66,10
0.00,6,5,2015,63,40,59,9
0.00,7,5,2015,66,38,34,11
0.00,8,5,2015,59,43,61,12
0.00,9,5,2015,59,50,82,8
0.00,10,5,2015,74,61,67,14
0.00,11,5,2015,65,55,78,10
0.02,12,5,2015,68,52,66,9
0.00,13,5,2015,61,37,44,14
0.00,14,5,2015,59,34,36,9
0.00,15,5,2015,58,39,47,6
1.00,16,5,2015,63,50,67,8
0.00,17,5,2015,60,56,89,8
0.00,18,5,2015,54,48,79,10
0.27,19,5,2015,59,56,92,10
0.00,20,5,2015,59,41,65,14
0.00,21,5,2015,56,36,44,10
1.00,22,5,2015,64,34,40,13
0.00,23,5,2015,55,23,34,13
0.00,24,5,2015,67,39,40,16
1.00,25,5,2015,70,52,54,11
0.00,26,5,2015,76,58,59,16
0.00,27,5,2015,75,63,71,16
1.00,28,5,2015,75,62,69,13
0.00,29,5,2015,64,57,80,8
0.00,30,5,2015,73,60,66,15
0.91,31,5,2015,63,55,85,14
0.00,1,4,2015,39,7,29,10
0.00,2,4,2015,46,20,44,13
0.03,3,4,2015,52,45,80,12
0.39,4,4,2015,44,36,66,16
0.00,5,4,2015,41,21,49,15
0.00,6,4,2015,39,31,74,9
0.03,7,4,2015,39,36,84,8
0.26,8,4,2015,38,31,73,17
0.09,9,4,2015,35,34,95,17
0.09,10,4,2015,46,42,95,8
0.00,11,4,2015,50,32,61,17
0.00,12,4,2015,54,28,39,9
0.00,13,4,2015,55,34,43,12
0.01,14,4,2015,59,39,54,11
0.00,15,4,2015,59,23,28,12
0.00,16,4,2015,51,23,46,10
0.06,17,4,2015,56,47,70,13
0.00,18,4,2015,52,42,68,9
0.00,19,4,2015,46,34,66,11
0.61,20,4,2015,46,42,90,14
0.54,21,4,2015,56,49,71,10
1.00,22,4,2015,55,39,59,15
0.00,23,4,2015,45,27,49,16
1.00,24,4,2015,44,24,49,16
0.00,25,4,2015,46,26,46,11
0.00,26,4,2015,50,33,53,6
0.10,27,4,2015,51,37,52,12
0.07,28,4,2015,53,35,51,14
0.00,29,4,2015,51,38,64,9
0.00,30,4,2015,50,40,72,9
0.17,1,3,2015,21,16,66,6
0.01,2,3,2015,32,19,67,14
0.26,3,3,2015,27,14,60,10
0.02,4,3,2015,38,32,75,11
1.00,5,3,2015,29,11,56,12
0.00,6,3,2015,17,-1,48,10
0.00,7,3,2015,28,12,48,11
1.00,8,3,2015,33,20,58,9
0.00,9,3,2015,37,19,56,10
0.06,10,3,2015,40,28,69,7
0.01,11,3,2015,47,34,65,12
0.00,12,3,2015,34,12,42,17
0.00,13,3,2015,32,7,45,11
0.80,14,3,2015,35,32,80,8
0.27,15,3,2015,34,30,85,14
0.00,16,3,2015,36,14,41,9
0.14,17,3,2015,40,27,66,14
0.00,18,3,2015,26,0,35,22
0.00,19,3,2015,27,-2,30,16
0.05,20,3,2015,28,13,67,4
0.09,21,3,2015,35,29,78,7
0.00,22,3,2015,30,5,38,18
0.00,23,3,2015,26,0,38,15
0.00,24,3,2015,28,15,59,8
0.04,25,3,2015,39,22,60,9
0.80,26,3,2015,47,45,86,9
0.21,27,3,2015,41,38,88,5
0.12,28,3,2015,35,30,78,13
0.00,29,3,2015,34,11,40,9
1.00,30,3,2015,38,27,59,13
0.00,31,3,2015,44,24,51,12
0.00,1,2,2015,21,2,48,12
0.78,2,2,2015,21,13,67,18
0.00,3,2,2015,14,1,56,13
0.00,4,2,2015,26,17,64,9
0.09,5,2,2015,22,18,66,15
1.00,6,2,2015,13,-1,53,12
0.07,7,2,2015,23,17,74,11
0.37,8,2,2015,21,20,90,14
0.88,9,2,2015,20,14,86,15
0.05,10,2,2015,22,15,76,11
0.01,11,2,2015,20,12,69,12
0.03,12,2,2015,23,17,77,5
0.00,13,2,2015,15,-5,55,17
0.23,14,2,2015,17,11,73,10
0.39,15,2,2015,9,9,71,21
0.00,16,2,2015,8,-11,44,20
0.02,17,2,2015,17,6,63,8
0.01,18,2,2015,23,16,66,5
0.06,19,2,2015,20,14,71,14
0.00,20,2,2015,13,-6,45,19
0.17,21,2,2015,19,16,70,11
0.11,22,2,2015,34,29,85,5
0.00,23,2,2015,19,2,51,15
1.00,24,2,2015,11,-4,60,9
0.07,25,2,2015,25,11,63,11
0.02,26,2,2015,20,8,65,9
0.00,27,2,2015,21,-2,41,8
0.00,28,2,2015,22,1,43,9
0.00,1,1,2015,28,8,43,14
0.00,2,1,2015,36,15,45,13
0.62,3,1,2015,30,20,72,10
0.57,4,1,2015,44,41,95,8
0.00,5,1,2015,34,13,47,22
0.02,6,1,2015,17,5,59,9
1.00,7,1,2015,15,3,58,16
0.00,8,1,2015,9,-8,49,14
0.01,9,1,2015,25,14,65,14
0.00,10,1,2015,21,3,49,12
0.00,11,1,2015,24,6,49,10
0.20,12,1,2015,36,28,72,9
0.00,13,1,2015,25,5,56,11
1.00,14,1,2015,20,10,67,9
0.12,15,1,2015,28,24,78,10
0.00,16,1,2015,27,10,52,16
0.00,17,1,2015,16,-3,46,11
0.15,18,1,2015,36,35,80,10
0.00,19,1,2015,39,30,70,15
0.00,20,1,2015,33,13,44,14
0.00,21,1,2015,28,14,57,7
1.00,22,1,2015,33,22,67,7
0.00,23,1,2015,31,15,54,10
0.71,24,1,2015,33,29,82,10
0.00,25,1,2015,29,17,55,14
0.10,26,1,2015,20,15,71,16
0.95,27,1,2015,17,11,85,22
0.01,28,1,2015,19,6,63,13
1.00,29,1,2015,21,10,57,4
0.06,30,1,2015,27,26,78,12
0.05,31,1,2015,16,0,56,22
0.01,1,12,2014,52,40,63,13
0.10,2,12,2014,38,27,72,15
0.44,3,12,2014,44,42,79,12
0.00,4,12,2014,37,21,54,12
0.11,5,12,2014,34,25,66,10
1.09,6,12,2014,42,40,93,8
0.13,7,12,2014,30,20,61,15
0.03,8,12,2014,24,16,70,13
2.90,9,12,2014,39,41,93,20
0.28,10,12,2014,43,39,95,13
0.02,11,12,2014,36,31,87,13
1.00,12,12,2014,35,27,75,11
1.00,13,12,2014,37,26,65,12
0.00,14,12,2014,39,27,68,10
0.00,15,12,2014,37,29,75,6
1.00,16,12,2014,40,36,85,4
0.43,17,12,2014,45,41,85,11
0.01,18,12,2014,40,30,73,14
0.00,19,12,2014,33,22,63,11
1.00,20,12,2014,32,24,79,10
1.00,21,12,2014,33,27,77,9
0.05,22,12,2014,39,34,79,8
0.25,23,12,2014,45,42,91,13
0.56,24,12,2014,44,44,98,6
0.14,25,12,2014,52,43,75,14
0.00,26,12,2014,44,29,60,11
0.00,27,12,2014,45,31,60,9
0.01,28,12,2014,46,35,65,14
0.00,29,12,2014,36,20,51,9
0.00,30,12,2014,26,4,38,10
0.00,31,12,2014,25,5,44,9
0.59,1,11,2014,44,39,77,17
0.31,2,11,2014,38,29,62,21
0.00,3,11,2014,45,18,32,15
0.00,4,11,2014,51,35,53,6
0.00,5,11,2014,57,40,56,9
0.59,6,11,2014,49,45,83,5
1.00,7,11,2014,44,37,73,14
0.00,8,11,2014,42,25,51,10
0.00,9,11,2014,48,33,57,8
0.00,10,11,2014,48,35,66,5
0.00,11,11,2014,53,47,80,5
0.00,12,11,2014,53,49,75,5
0.06,13,11,2014,44,29,62,8
0.23,14,11,2014,39,27,67,11
0.00,15,11,2014,35,16,49,9
1.00,16,11,2014,36,23,57,8
1.64,17,11,2014,43,41,83,6
0.00,18,11,2014,36,19,66,16
0.00,19,11,2014,31,9,41,14
0.00,20,11,2014,40,18,47,14
0.00,21,11,2014,32,10,42,15
0.00,22,11,2014,34,13,41,16
1.00,23,11,2014,51,32,59,9
0.28,24,11,2014,54,53,88,15
0.00,25,11,2014,55,40,61,12
1.44,26,11,2014,42,33,71,15
0.02,27,11,2014,35,29,81,10
0.11,28,11,2014,31,24,72,11
0.00,29,11,2014,29,16,55,7
0.00,30,11,2014,45,37,66,12
1.16,1,10,2014,57,56,97,16
0.16,2,10,2014,54,52,92,14
0.01,3,10,2014,52,50,89,8
0.35,4,10,2014,58,57,97,8
0.00,5,10,2014,55,42,67,12
0.00,6,10,2014,55,42,60,8
0.01,7,10,2014,64,57,71,13
0.01,8,10,2014,66,54,66,14
0.00,9,10,2014,58,37,46,12
0.00,10,10,2014,57,36,48,10
0.31,11,10,2014,51,42,72,5
0.00,12,10,2014,52,40,70,9
0.00,13,10,2014,54,46,69,8
0.00,14,10,2014,68,60,75,11
0.00,15,10,2014,71,63,74,9
0.63,16,10,2014,65,64,94,10
0.00,17,10,2014,64,57,76,11
1.00,18,10,2014,63,56,81,12
0.00,19,10,2014,50,35,61,14
0.00,20,10,2014,49,30,52,11
1.00,21,10,2014,56,52,85,7
0.87,22,10,2014,53,50,95,25
2.25,23,10,2014,51,50,97,25
0.05,24,10,2014,49,46,86,11
0.00,25,10,2014,55,42,62,10
1.00,26,10,2014,53,40,57,13
0.00,27,10,2014,55,38,55,11
0.00,28,10,2014,53,47,86,4
0.02,29,10,2014,63,53,71,7
0.00,30,10,2014,53,39,62,8
0.00,31,10,2014,50,37,66,11
0.00,1,9,2014,79,70,74,8
0.01,2,9,2014,82,71,70,9
0.00,3,9,2014,79,59,62,12
0.00,4,9,2014,75,57,58,8
0.00,5,9,2014,79,65,63,12
0.22,6,9,2014,81,69,68,15
0.15,7,9,2014,70,57,59,8
0.00,8,9,2014,65,54,69,10
0.00,9,9,2014,65,56,74,10
0.00,10,9,2014,65,59,82,8
0.00,11,9,2014,71,62,79,13
0.00,12,9,2014,62,50,63,9
0.13,13,9,2014,60,53,80,11
0.00,14,9,2014,59,47,68,10
0.00,15,9,2014,58,45,61,7
1.00,16,9,2014,60,52,74,5
0.00,17,9,2014,62,50,66,7
0.00,18,9,2014,65,47,54,7
0.00,19,9,2014,51,35,53,10
0.00,20,9,2014,60,48,66,12
0.01,21,9,2014,73,64,80,8
0.00,22,9,2014,64,52,66,15
0.00,23,9,2014,61,41,51,7
0.00,24,9,2014,60,51,74,10
0.00,25,9,2014,58,51,76,7
0.00,26,9,2014,62,51,68,5
0.00,27,9,2014,71,55,62,5
0.00,28,9,2014,74,60,65,5
1.00,29,9,2014,66,58,75,10
0.18,30,9,2014,57,55,97,9
0.00,1,8,2014,74,64,73,9
0.03,2,8,2014,67,61,86,5
1.00,3,8,2014,66,60,85,5
1.00,4,8,2014,71,65,81,8
0.00,5,8,2014,76,66,74,8
0.01,6,8,2014,77,60,53,8
0.01,7,8,2014,72,54,60,8
0.00,8,8,2014,73,53,53,10
0.00,9,8,2014,72,56,56,8
0.00,10,8,2014,73,57,59,8
0.00,11,8,2014,75,59,62,9
0.00,12,8,2014,73,62,71,9
1.06,13,8,2014,67,64,91,14
0.00,14,8,2014,70,53,63,12
1.00,15,8,2014,68,52,63,8
0.00,16,8,2014,70,52,55,12
1.00,17,8,2014,73,58,69,9
0.00,18,8,2014,71,51,54,10
0.00,19,8,2014,67,52,61,8
0.00,20,8,2014,67,58,73,5
0.00,21,8,2014,66,62,85,6
0.08,22,8,2014,68,62,81,10
0.00,23,8,2014,67,58,76,9
0.00,24,8,2014,69,54,59,6
0.00,25,8,2014,74,60,64,7
0.00,26,8,2014,75,63,72,11
0.02,27,8,2014,79,64,63,13
0.00,28,8,2014,73,54,59,13
0.00,29,8,2014,65,52,69,10
0.00,30,8,2014,69,56,66,10
0.54,31,8,2014,76,69,81,13
0.00,1,7,2014,79,65,67,14
1.00,2,7,2014,82,69,66,15
0.28,3,7,2014,81,70,69,10
1.88,4,7,2014,70,65,85,8
0.35,5,7,2014,70,53,61,17
0.00,6,7,2014,76,51,49,15
0.08,7,7,2014,79,64,62,15
1.00,8,7,2014,83,66,64,15
0.00,9,7,2014,81,64,65,14
0.00,10,7,2014,74,56,59,8
0.00,11,7,2014,68,57,71,7
0.00,12,7,2014,71,60,66,8
1.00,13,7,2014,77,61,61,16
0.67,14,7,2014,79,70,81,10
1.00,15,7,2014,78,72,85,11
0.85,16,7,2014,73,70,81,8
0.00,17,7,2014,74,57,58,8
0.00,18,7,2014,71,56,64,8
0.00,19,7,2014,68,61,83,5
1.00,20,7,2014,67,59,75,7
0.00,21,7,2014,67,61,84,6
0.00,22,7,2014,75,65,72,10
0.00,23,7,2014,82,68,64,13
1.00,24,7,2014,70,64,81,8
0.00,25,7,2014,73,54,56,8
0.00,26,7,2014,75,58,58,12
0.35,27,7,2014,73,67,82,9
0.11,28,7,2014,75,67,77,11
0.00,29,7,2014,72,57,63,9
0.00,30,7,2014,71,55,55,7
0.00,31,7,2014,72,58,66,10
0.00,1,6,2014,59,44,61,8
0.00,2,6,2014,70,48,44,9
0.00,3,6,2014,65,53,72,11
0.14,4,6,2014,58,53,80,6
0.78,5,6,2014,59,57,92,7
0.00,6,6,2014,67,53,67,11
0.00,7,6,2014,71,55,58,8
0.00,8,6,2014,74,55,55,8
1.00,9,6,2014,74,55,56,11
0.85,10,6,2014,69,61,80,9
1.00,11,6,2014,61,54,79,10
1.00,12,6,2014,63,55,79,12
0.54,13,6,2014,62,59,89,10
0.01,14,6,2014,68,58,79,8
0.00,15,6,2014,69,51,56,12
0.00,16,6,2014,68,49,50,10
0.02,17,6,2014,73,62,70,11
1.00,18,6,2014,78,61,64,14
0.00,19,6,2014,76,51,45,11
0.00,20,6,2014,69,41,38,12
0.00,21,6,2014,66,46,50,7
0.00,22,6,2014,65,47,56,8
0.00,23,6,2014,68,53,65,9
0.00,24,6,2014,72,56,63,13
0.00,25,6,2014,78,63,65,15
0.28,26,6,2014,71,65,82,10
0.00,27,6,2014,66,47,56,8
0.00,28,6,2014,70,52,54,7
0.00,29,6,2014,74,55,54,9
0.00,30,6,2014,77,59,59,13
0.62,1,5,2014,52,48,89,6
0.01,2,5,2014,60,38,58,10
0.00,3,5,2014,59,39,50,9
1.00,4,5,2014,56,37,54,16
0.00,5,5,2014,58,38,50,14
0.00,6,5,2014,56,32,48,10
0.00,7,5,2014,58,31,37,10
0.00,8,5,2014,55,38,58,7
1.00,9,5,2014,55,49,83,4
0.34,10,5,2014,69,59,68,12
1.00,11,5,2014,71,38,46,12
0.00,12,5,2014,69,43,43,11
0.00,13,5,2014,49,40,71,10
1.00,14,5,2014,55,46,71,9
1.00,15,5,2014,67,58,77,9
0.06,16,5,2014,66,60,82,14
0.65,17,5,2014,67,54,64,13
0.00,18,5,2014,58,41,53,9
0.05,19,5,2014,60,37,53,13
1.00,20,5,2014,61,44,55,9
0.00,21,5,2014,59,49,74,7
0.25,22,5,2014,55,51,90,8
0.02,23,5,2014,55,50,89,9
0.18,24,5,2014,57,48,71,8
0.00,25,5,2014,59,51,79,7
0.01,26,5,2014,67,53,63,12
0.48,27,5,2014,62,51,71,12
0.08,28,5,2014,47,45,85,15
0.00,29,5,2014,51,42,67,8
0.11,30,5,2014,57,48,73,8
1.00,31,5,2014,56,46,68,10
0.00,1,4,2014,41,28,60,10
0.00,2,4,2014,42,32,68,6
0.00,3,4,2014,44,27,59,9
0.26,4,4,2014,41,32,76,11
0.23,5,4,2014,46,34,67,14
0.00,6,4,2014,47,20,37,9
0.04,7,4,2014,49,30,59,8
0.67,8,4,2014,54,47,76,13
0.00,9,4,2014,50,26,45,13
0.00,10,4,2014,47,21,43,14
1.00,11,4,2014,59,40,55,10
0.04,12,4,2014,59,35,53,9
0.04,13,4,2014,54,41,68,8
0.00,14,4,2014,66,52,63,22
0.62,15,4,2014,55,55,77,24
0.36,16,4,2014,38,24,57,15
0.00,17,4,2014,36,23,61,14
0.00,18,4,2014,37,30,75,9
0.00,19,4,2014,50,30,56,12
0.00,20,4,2014,44,27,57,9
0.00,21,4,2014,53,32,52,9
0.05,22,4,2014,60,42,62,12
0.23,23,4,2014,52,43,72,15
0.00,24,4,2014,51,23,37,21
0.00,25,4,2014,50,29,45,11
0.20,26,4,2014,45,38,75,7
0.15,27,4,2014,46,39,77,6
1.00,28,4,2014,48,37,63,11
1.00,29,4,2014,43,35,76,17
0.35,30,4,2014,43,37,83,14
0.00,1,3,2014,26,7,40,6
1.00,2,3,2014,35,20,59,7
0.00,3,3,2014,23,-1,39,12
0.00,4,3,2014,22,-5,32,8
0.00,5,3,2014,25,14,55,10
0.00,6,3,2014,18,1,46,7
0.00,7,3,2014,25,18,64,5
0.00,8,3,2014,41,23,54,8
0.00,9,3,2014,37,8,35,11
0.03,10,3,2014,36,23,60,8
0.00,11,3,2014,47,30,60,9
0.03,12,3,2014,42,37,80,5
0.01,13,3,2014,21,12,64,17
0.00,14,3,2014,28,8,44,14
0.01,15,3,2014,48,30,56,15
0.00,16,3,2014,30,6,38,16
0.00,17,3,2014,22,0,43,8
0.00,18,3,2014,27,10,51,8
1.00,19,3,2014,34,25,71,10
0.29,20,3,2014,45,34,70,12
0.00,21,3,2014,40,20,46,17
1.00,22,3,2014,43,24,52,14
0.00,23,3,2014,33,13,42,13
0.00,24,3,2014,25,-4,32,13
0.00,25,3,2014,30,8,37,10
1.00,26,3,2014,30,7,39,26
0.00,27,3,2014,34,1,27,14
0.02,28,3,2014,48,36,66,14
0.97,29,3,2014,46,39,77,13
2.23,30,3,2014,40,37,91,17
0.44,31,3,2014,38,31,76,13
0.00,1,2,2014,37,21,57,8
0.02,2,2,2014,43,33,66,7
0.17,3,2,2014,34,26,74,9
0.00,4,2,2014,29,18,64,6
1.11,5,2,2014,29,26,89,11
1.00,6,2,2014,24,11,64,8
0.00,7,2,2014,25,8,50,11
0.00,8,2,2014,24,2,41,10
0.03,9,2,2014,26,18,61,8
1.00,10,2,2014,25,12,64,12
0.00,11,2,2014,20,2,48,10
0.00,12,2,2014,16,1,51,8
1.00,13,2,2014,29,29,82,20
0.31,14,2,2014,33,26,74,18
0.33,15,2,2014,31,25,77,10
0.02,16,2,2014,28,12,61,17
0.00,17,2,2014,22,-3,37,15
0.22,18,2,2014,25,20,63,11
0.25,19,2,2014,29,27,82,8
0.08,20,2,2014,41,27,60,9
0.22,21,2,2014,39,36,93,9
0.00,22,2,2014,42,27,64,14
0.00,23,2,2014,43,26,56,6
0.00,24,2,2014,35,11,41,16
0.00,25,2,2014,26,5,44,11
0.00,26,2,2014,24,2,43,12
0.02,27,2,2014,21,6,51,12
0.00,28,2,2014,18,-10,32,12
0.00,1,1,2014,24,5,43,9
0.38,2,1,2014,14,11,69,18
0.19,3,1,2014,8,-4,66,17
0.00,4,1,2014,15,1,50,12
0.04,5,1,2014,31,26,74,8
0.32,6,1,2014,43,42,77,14
1.00,7,1,2014,19,-6,41,20
0.00,8,1,2014,15,-3,48,13
0.00,9,1,2014,25,5,49,9
0.02,10,1,2014,28,25,80,5
0.54,11,1,2014,47,46,93,12
1.00,12,1,2014,46,30,67,16
0.00,13,1,2014,41,29,63,12
0.79,14,1,2014,47,44,90,8
1.00,15,1,2014,42,35,76,7
0.00,16,1,2014,36,35,93,3
0.00,17,1,2014,40,30,65,8
0.79,18,1,2014,35,32,87,7
0.03,19,1,2014,33,25,73,15
0.00,20,1,2014,34,21,56,15
0.11,21,1,2014,19,3,58,12
1.00,22,1,2014,13,-2,60,17
0.00,23,1,2014,14,-6,45,13
0.00,24,1,2014,13,-6,43,14
1.00,25,1,2014,27,18,65,17
0.00,26,1,2014,21,2,51,16
0.02,27,1,2014,34,18,55,14
0.00,28,1,2014,17,-8,35,13
0.01,29,1,2014,21,-3,41,10
0.00,30,1,2014,23,2,47,10
0.00,31,1,2014,33,16,54,9
0.27,1,12,2013,41,36,83,6
0.00,2,12,2013,39,36,86,5
0.00,3,12,2013,43,33,71,8
1.00,4,12,2013,40,27,61,7
0.01,5,12,2013,47,42,85,4
0.30,6,12,2013,46,44,74,11
0.09,7,12,2013,37,24,67,11
0.00,8,12,2013,30,13,49,7
0.43,9,12,2013,37,32,72,12
0.07,10,12,2013,33,27,70,11
0.00,11,12,2013,28,16,61,14
0.00,12,12,2013,23,4,47,12
0.00,13,12,2013,23,8,55,14
0.22,14,12,2013,21,11,65,14
0.64,15,12,2013,31,27,82,19
1.00,16,12,2013,25,11,55,14
0.53,17,12,2013,19,12,73,10
1.00,18,12,2013,28,17,64,13
0.00,19,12,2013,35,22,56,12
0.00,20,12,2013,42,30,66,8
0.00,21,12,2013,48,41,78,11
0.01,22,12,2013,45,40,92,8
0.68,23,12,2013,37,34,93,6
0.00,24,12,2013,34,20,65,10
1.00,25,12,2013,22,3,49,10
0.05,26,12,2013,29,23,70,7
0.00,27,12,2013,32,18,61,12
0.00,28,12,2013,38,23,57,10
1.32,29,12,2013,39,34,80,8
0.00,30,12,2013,32,23,65,14
1.00,31,12,2013,20,2,48,9
0.03,1,11,2013,66,57,73,21
1.00,2,11,2013,58,45,65,5
0.03,3,11,2013,44,32,59,11
0.00,4,11,2013,37,19,48,9
0.00,5,11,2013,40,27,55,7
0.00,6,11,2013,52,41,68,11
0.22,7,11,2013,56,49,75,14
0.00,8,11,2013,44,24,48,14
0.00,9,11,2013,41,21,44,12
0.03,10,11,2013,50,34,66,12
0.00,11,11,2013,47,26,43,13
0.08,12,11,2013,40,24,64,14
0.00,13,11,2013,32,12,45,13
0.00,14,11,2013,41,18,40,12
0.00,15,11,2013,50,22,39,9
0.00,16,11,2013,50,30,53,5
0.04,17,11,2013,47,46,86,3
0.15,18,11,2013,59,49,69,14
0.00,19,11,2013,41,19,40,17
0.00,20,11,2013,36,11,39,10
0.00,21,11,2013,39,18,43,7
0.25,22,11,2013,45,42,81,5
1.00,23,11,2013,41,24,59,16
1.00,24,11,2013,26,1,39,22
0.00,25,11,2013,26,0,34,13
0.10,26,11,2013,38,24,66,9
1.79,27,11,2013,51,50,87,17
0.00,28,11,2013,33,13,50,18
0.00,29,11,2013,29,8,42,10
0.00,30,11,2013,28,14,57,7
0.00,1,10,2013,64,51,64,7
0.00,2,10,2013,72,55,58,11
0.00,3,10,2013,70,49,50,7
0.03,4,10,2013,63,51,68,3
1.00,5,10,2013,64,55,71,4
0.31,6,10,2013,59,55,87,11
0.11,7,10,2013,69,63,85,12
0.00,8,10,2013,60,41,50,11
0.00,9,10,2013,55,43,62,9
0.00,10,10,2013,55,49,78,8
0.00,11,10,2013,59,51,78,7
1.00,12,10,2013,57,52,83,12
0.00,13,10,2013,55,45,71,10
0.00,14,10,2013,53,44,71,6
0.00,15,10,2013,58,50,75,6
0.00,16,10,2013,57,53,87,5
0.03,17,10,2013,64,56,79,9
0.02,18,10,2013,63,50,67,12
0.00,19,10,2013,59,41,50,9
1.00,20,10,2013,57,38,59,12
0.00,21,10,2013,57,39,55,8
1.00,22,10,2013,60,44,65,10
0.00,23,10,2013,50,30,48,6
0.00,24,10,2013,50,27,45,14
0.00,25,10,2013,46,27,50,10
0.00,26,10,2013,47,29,50,13
0.03,27,10,2013,51,32,59,13
0.00,28,10,2013,50,28,50,12
0.00,29,10,2013,46,27,63,7
0.05,30,10,2013,46,37,72,4
0.03,31,10,2013,52,49,84,8
0.38,1,9,2013,75,69,86,9
0.38,2,9,2013,75,70,87,7
0.00,3,9,2013,75,66,80,7
0.00,4,9,2013,73,54,57,11
0.09,5,9,2013,64,55,68,9
0.00,6,9,2013,62,40,46,9
1.00,7,9,2013,68,47,49,11
1.00,8,9,2013,67,50,51,13
0.00,9,9,2013,62,42,48,9
0.03,10,9,2013,68,61,77,11
0.00,11,9,2013,83,69,66,10
0.57,12,9,2013,78,68,75,12
0.39,13,9,2013,69,63,85,7
1.00,14,9,2013,63,51,64,10
0.00,15,9,2013,64,47,60,9
1.00,16,9,2013,60,47,57,10
0.00,17,9,2013,52,37,55,8
0.00,18,9,2013,63,42,49,8
0.00,19,9,2013,63,50,63,5
0.00,20,9,2013,63,54,72,5
1.00,21,9,2013,67,59,76,13
0.37,22,9,2013,64,56,64,13
0.00,23,9,2013,58,39,54,13
0.00,24,9,2013,58,40,52,10
0.00,25,9,2013,58,44,60,8
0.00,26,9,2013,59,47,64,7
0.00,27,9,2013,62,49,67,8
0.00,28,9,2013,62,53,78,6
0.00,29,9,2013,57,52,84,4
0.00,30,9,2013,58,51,76,4
1.00,1,8,2013,74,61,68,10
0.13,2,8,2013,76,61,65,8
0.00,3,8,2013,74,60,62,12
1.00,4,8,2013,74,55,51,9
0.00,5,8,2013,70,44,46,11
0.00,6,8,2013,67,50,57,7
0.00,7,8,2013,70,56,63,9
0.07,8,8,2013,73,65,77,11
1.62,9,8,2013,74,71,89,12
0.00,10,8,2013,76,59,64,12
0.00,11,8,2013,72,51,51,7
0.00,12,8,2013,75,56,56,8
1.00,13,8,2013,70,63,80,5
0.00,14,8,2013,70,52,63,14
0.00,15,8,2013,69,48,51,11
0.00,16,8,2013,71,51,48,8
0.00,17,8,2013,69,56,68,7
0.00,18,8,2013,71,59,66,6
0.00,19,8,2013,74,57,58,9
0.00,20,8,2013,78,60,52,7
0.00,21,8,2013,78,61,54,7
0.00,22,8,2013,80,65,65,12
0.00,23,8,2013,72,58,65,10
0.00,24,8,2013,66,46,50,9
0.00,25,8,2013,72,51,53,9
0.01,26,8,2013,76,60,59,11
0.01,27,8,2013,71,65,83,5
0.00,28,8,2013,67,62,87,6
1.00,29,8,2013,65,61,86,10
0.00,30,8,2013,74,61,66,9
1.00,31,8,2013,76,69,80,10
0.03,1,7,2013,78,71,79,9
1.00,2,7,2013,72,66,81,9
0.00,3,7,2013,77,67,76,12
0.00,4,7,2013,85,71,67,12
0.00,5,7,2013,87,71,62,13
0.00,6,7,2013,86,68,60,12
1.00,7,7,2013,84,66,65,8
0.01,8,7,2013,76,67,79,9
1.00,9,7,2013,69,64,87,6
0.01,10,7,2013,77,69,81,10
0.17,11,7,2013,78,70,81,8
0.00,12,7,2013,70,60,76,13
1.00,13,7,2013,69,64,86,6
0.00,14,7,2013,81,70,74,5
0.00,15,7,2013,83,69,68,7
0.01,16,7,2013,84,67,62,6
0.00,17,7,2013,84,69,67,8
0.00,18,7,2013,84,70,70,10
0.00,19,7,2013,89,72,62,15
0.00,20,7,2013,88,70,60,13
0.01,21,7,2013,74,63,72,9
0.00,22,7,2013,72,66,80,7
1.76,23,7,2013,75,70,90,6
0.00,24,7,2013,77,65,69,9
0.27,25,7,2013,63,55,71,11
1.00,26,7,2013,67,62,83,11
0.00,27,7,2013,73,62,70,9
0.01,28,7,2013,71,66,86,7
0.33,29,7,2013,74,67,81,7
0.00,30,7,2013,75,59,62,8
0.00,31,7,2013,74,59,62,8
0.00,1,6,2013,81,63,54,13
0.00,2,6,2013,78,64,65,16
0.71,3,6,2013,70,62,62,10
0.00,4,6,2013,64,41,44,12
0.00,5,6,2013,65,45,49,9
0.02,6,6,2013,63,50,60,9
3.07,7,6,2013,57,54,92,12
0.54,8,6,2013,67,56,75,12
0.00,9,6,2013,71,54,57,9
0.88,10,6,2013,64,56,75,8
1.38,11,6,2013,60,55,89,9
0.07,12,6,2013,64,54,75,12
0.72,13,6,2013,60,52,78,9
1.02,14,6,2013,64,51,69,11
0.00,15,6,2013,71,44,46,10
1.00,16,6,2013,69,51,57,11
0.43,17,6,2013,75,59,64,11
0.63,18,6,2013,65,58,77,7
0.00,19,6,2013,65,52,70,11
0.00,20,6,2013,68,53,63,9
0.00,21,6,2013,73,58,58,8
0.00,22,6,2013,75,57,53,12
1.00,23,6,2013,79,63,60,13
0.33,24,6,2013,83,68,65,11
1.00,25,6,2013,81,65,63,12
0.04,26,6,2013,74,66,78,7
0.03,27,6,2013,64,63,94,7
0.45,28,6,2013,72,66,85,13
0.07,29,6,2013,77,68,78,12
0.11,30,6,2013,77,68,78,10
0.00,1,5,2013,53,38,57,6
1.00,2,5,2013,53,41,58,9
0.00,3,5,2013,49,40,70,10
0.00,4,5,2013,48,39,71,9
0.00,5,5,2013,47,40,76,9
0.00,6,5,2013,49,45,89,7
0.00,7,5,2013,60,51,75,9
0.37,8,5,2013,60,54,89,11
0.61,9,5,2013,58,55,94,5
0.06,10,5,2013,63,56,82,7
0.02,11,5,2013,66,58,78,12
0.04,12,5,2013,62,51,65,11
0.00,13,5,2013,53,27,40,12
1.00,14,5,2013,52,28,43,11
1.00,15,5,2013,56,39,59,11
0.00,16,5,2013,68,39,56,13
0.00,17,5,2013,62,41,49,12
0.00,18,5,2013,59,45,61,10
0.17,19,5,2013,57,50,78,8
0.03,20,5,2013,69,58,76,7
0.01,21,5,2013,59,55,89,10
0.05,22,5,2013,56,52,90,8
0.05,23,5,2013,65,59,85,10
0.57,24,5,2013,61,60,86,10
0.34,25,5,2013,48,46,89,14
0.05,26,5,2013,51,37,63,16
0.00,27,5,2013,60,36,49,10
0.00,28,5,2013,58,47,62,7
0.84,29,5,2013,64,58,88,6
0.00,30,5,2013,77,63,65,11
0.00,31,5,2013,83,63,53,11
0.12,1,4,2013,49,37,66,15
1.00,2,4,2013,37,11,37,17
0.00,3,4,2013,39,11,37,19
0.00,4,4,2013,44,15,35,14
0.00,5,4,2013,48,26,47,13
0.00,6,4,2013,40,9,35,12
0.00,7,4,2013,43,29,53,16
0.00,8,4,2013,55,39,76,10
0.06,9,4,2013,59,43,64,9
0.19,10,4,2013,50,43,82,6
0.04,11,4,2013,46,41,80,7
0.35,12,4,2013,41,35,78,19
0.02,13,4,2013,44,36,73,9
1.00,14,4,2013,49,30,56,10
0.00,15,4,2013,44,33,63,11
1.00,16,4,2013,52,40,64,15
1.00,17,4,2013,57,39,51,10
0.00,18,4,2013,54,36,52,14
0.05,19,4,2013,64,56,77,18
0.38,20,4,2013,55,41,63,15
0.00,21,4,2013,44,22,45,11
0.00,22,4,2013,43,31,61,14
0.13,23,4,2013,42,38,79,17
1.00,24,4,2013,56,44,68,15
0.03,25,4,2013,57,39,53,11
0.00,26,4,2013,48,37,65,10
0.00,27,4,2013,49,37,64,7
0.00,28,4,2013,54,37,51,10
0.00,29,4,2013,58,37,48,10
0.00,30,4,2013,54,33,50,7
0.00,1,3,2013,38,29,76,10
0.00,2,3,2013,38,26,62,9
1.00,3,3,2013,38,27,70,9
1.00,4,3,2013,36,22,60,18
1.00,5,3,2013,38,27,68,10
0.05,6,3,2013,38,33,77,23
0.11,7,3,2013,34,30,88,24
0.36,8,3,2013,35,27,73,18
0.00,9,3,2013,35,26,67,11
0.00,10,3,2013,33,29,80,7
0.00,11,3,2013,43,35,77,10
0.29,12,3,2013,46,45,92,12
1.00,13,3,2013,45,30,66,13
0.00,14,3,2013,31,13,47,17
0.00,15,3,2013,31,10,45,15
0.00,16,3,2013,35,13,42,8
0.00,17,3,2013,32,8,37,12
0.05,18,3,2013,27,11,62,10
0.68,19,3,2013,32,32,93,22
0.00,20,3,2013,33,19,61,14
0.02,21,3,2013,33,23,68,6
0.00,22,3,2013,35,18,60,12
0.00,23,3,2013,37,18,48,17
0.00,24,3,2013,41,23,55,10
1.00,25,3,2013,39,31,68,14
0.05,26,3,2013,42,24,58,11
0.00,27,3,2013,46,23,45,12
1.00,28,3,2013,43,32,69,9
0.01,29,3,2013,48,31,53,9
0.00,30,3,2013,47,29,45,8
0.03,31,3,2013,47,28,52,10
0.00,1,2,2013,29,7,38,17
0.00,2,2,2013,25,5,42,13
0.03,3,2,2013,25,18,66,8
0.00,4,2,2013,27,9,57,17
0.03,5,2,2013,25,12,60,7
0.01,6,2,2013,33,19,62,10
0.00,7,2,2013,24,2,43,9
1.25,8,2,2013,27,26,82,26
0.14,9,2,2013,18,14,76,21
0.00,10,2,2013,26,6,43,8
0.20,11,2,2013,33,32,79,7
0.00,12,2,2013,40,27,71,15
0.00,13,2,2013,36,23,64,7
1.00,14,2,2013,37,22,57,9
0.00,15,2,2013,39,30,75,10
0.01,16,2,2013,35,27,70,8
0.20,17,2,2013,25,11,62,22
0.00,18,2,2013,25,0,38,20
0.45,19,2,2013,36,27,65,10
0.01,20,2,2013,35,19,69,17
0.00,21,2,2013,29,11,48,18
0.00,22,2,2013,32,20,63,10
0.23,23,2,2013,35,29,78,6
0.82,24,2,2013,34,32,93,13
0.01,25,2,2013,35,28,80,7
0.00,26,2,2013,35,30,83,7
1.37,27,2,2013,39,38,91,20
0.00,28,2,2013,39,34,83,6
0.00,1,1,2013,29,16,53,14
1.00,2,1,2013,21,6,53,14
0.00,3,1,2013,16,-1,46,11
0.00,4,1,2013,30,18,59,13
0.00,5,1,2013,35,18,52,9
1.00,6,1,2013,36,24,64,8
0.00,7,1,2013,34,25,63,9
0.00,8,1,2013,37,26,69,13
1.00,9,1,2013,37,29,64,8
0.00,10,1,2013,41,22,45,15
0.12,11,1,2013,36,28,71,5
0.01,12,1,2013,41,39,93,2
1.00,13,1,2013,46,45,97,7
0.00,14,1,2013,52,42,70,13
1.00,15,1,2013,39,23,51,6
0.37,16,1,2013,33,29,78,7
0.00,17,1,2013,36,25,70,12
0.00,18,1,2013,25,-2,35,13
0.00,19,1,2013,37,22,52,18
0.00,20,1,2013,42,23,50,19
0.01,21,1,2013,27,11,61,10
1.00,22,1,2013,20,9,60,15
0.00,23,1,2013,13,-9,44,15
0.00,24,1,2013,13,-12,36,17
0.01,25,1,2013,17,-7,48,13
0.01,26,1,2013,19,2,54,10
0.00,27,1,2013,23,-2,41,14
0.17,28,1,2013,26,16,61,6
0.01,29,1,2013,31,27,85,4
0.11,30,1,2013,47,45,89,15
0.31,31,1,2013,46,37,65,27
0.03,1,12,2012,30,23,69,7
1.00,2,12,2012,42,36,84,6
0.00,3,12,2012,50,41,69,10
0.01,4,12,2012,48,44,86,7
1.00,5,12,2012,45,38,68,16
0.00,6,12,2012,36,16,46,9
0.03,7,12,2012,37,31,74,5
0.34,8,12,2012,45,42,93,5
0.08,9,12,2012,45,35,73,9
0.56,10,12,2012,51,49,95,8
1.00,11,12,2012,45,35,71,11
0.00,12,12,2012,36,20,54,9
0.00,13,12,2012,36,25,61,4
0.00,14,12,2012,40,23,49,11
0.00,15,12,2012,37,24,59,9
0.25,16,12,2012,37,30,77,14
0.48,17,12,2012,41,41,96,14
0.86,18,12,2012,46,45,95,11
1.00,19,12,2012,42,32,71,16
1.00,20,12,2012,38,30,67,9
0.65,21,12,2012,45,41,88,21
0.00,22,12,2012,34,22,63,16
0.00,23,12,2012,34,18,48,13
0.00,24,12,2012,36,18,49,8
0.01,25,12,2012,32,24,65,8
0.23,26,12,2012,31,22,69,14
1.67,27,12,2012,39,37,91,24
0.00,28,12,2012,33,21,65,14
0.69,29,12,2012,33,27,78,10
1.00,30,12,2012,26,17,69,19
0.00,31,12,2012,28,17,61,14
0.00,1,11,2012,51,39,68,10
0.03,2,11,2012,49,38,63,10
0.00,3,11,2012,48,33,58,13
0.00,4,11,2012,46,31,60,12
0.00,5,11,2012,39,21,51,11
0.00,6,11,2012,36,19,49,8
0.33,7,11,2012,39,31,77,23
0.21,8,11,2012,36,34,90,22
0.00,9,11,2012,46,27,52,13
0.00,10,11,2012,48,32,56,7
0.00,11,11,2012,51,43,71,9
0.00,12,11,2012,57,51,80,10
0.29,13,11,2012,52,45,80,13
0.00,14,11,2012,41,27,60,11
0.00,15,11,2012,38,28,73,10
0.00,16,11,2012,40,29,68,7
0.00,17,11,2012,42,30,68,7
0.00,18,11,2012,40,29,68,8
0.00,19,11,2012,41,31,75,7
0.00,20,11,2012,41,33,77,7
0.00,21,11,2012,44,36,77,10
0.00,22,11,2012,45,39,79,5
0.00,23,11,2012,43,40,89,9
1.00,24,11,2012,41,24,63,17
0.00,25,11,2012,36,17,47,16
0.00,26,11,2012,40,22,49,13
0.15,27,11,2012,37,30,75,5
1.00,28,11,2012,34,25,69,8
0.00,29,11,2012,38,23,54,14
0.00,30,11,2012,34,14,46,8
0.00,1,10,2012,59,49,73,16
0.03,2,10,2012,64,55,75,6
0.08,3,10,2012,62,59,95,6
0.03,4,10,2012,61,58,95,5
0.00,5,10,2012,67,58,73,6
0.06,6,10,2012,66,56,69,12
0.11,7,10,2012,53,41,67,7
0.00,8,10,2012,51,42,71,6
1.00,9,10,2012,56,46,69,13
0.14,10,10,2012,57,55,89,11
0.00,11,10,2012,52,35,57,13
0.03,12,10,2012,47,32,57,14
0.00,13,10,2012,44,24,46,10
0.19,14,10,2012,57,47,76,11
0.02,15,10,2012,67,58,76,14
0.06,16,10,2012,54,43,68,13
0.00,17,10,2012,49,37,63,6
0.00,18,10,2012,52,47,80,7
0.06,19,10,2012,61,57,85,11
0.16,20,10,2012,66,58,69,9
0.00,21,10,2012,57,40,54,12
0.00,22,10,2012,60,40,50,12
0.00,23,10,2012,59,42,59,8
0.00,24,10,2012,51,38,64,5
0.00,25,10,2012,52,42,63,4
0.00,26,10,2012,57,48,76,5
0.00,27,10,2012,55,50,86,6
0.08,28,10,2012,54,51,90,17
1.06,29,10,2012,57,55,95,31
0.49,30,10,2012,58,56,95,13
0.02,31,10,2012,52,49,86,8
0.00,1,9,2012,72,59,62,8
1.00,2,9,2012,68,59,74,6
0.00,3,9,2012,66,59,81,9
0.44,4,9,2012,68,65,87,6
0.66,5,9,2012,74,69,74,10
0.00,6,9,2012,72,63,76,6
0.43,7,9,2012,75,67,80,8
1.00,8,9,2012,76,68,80,14
1.00,9,9,2012,69,55,65,7
0.00,10,9,2012,63,47,66,13
0.00,11,9,2012,63,43,49,8
0.00,12,9,2012,63,51,64,7
0.00,13,9,2012,71,58,69,9
0.00,14,9,2012,71,60,71,10
0.12,15,9,2012,67,53,61,11
0.00,16,9,2012,63,42,50,8
0.00,17,9,2012,62,50,66,7
0.09,18,9,2012,67,61,81,18
0.61,19,9,2012,64,53,62,11
0.00,20,9,2012,57,46,66,9
0.00,21,9,2012,57,51,83,7
0.00,22,9,2012,62,56,83,8
0.02,23,9,2012,64,50,63,11
0.00,24,9,2012,59,39,51,9
0.00,25,9,2012,61,44,55,14
1.00,26,9,2012,67,59,76,12
0.00,27,9,2012,62,52,66,9
0.79,28,9,2012,56,53,85,10
0.02,29,9,2012,56,53,87,8
0.21,30,9,2012,56,53,90,7
0.80,1,8,2012,73,66,79,8
0.00,2,8,2012,77,69,75,8
0.00,3,8,2012,82,68,65,12
0.00,4,8,2012,78,70,75,7
0.08,5,8,2012,80,72,76,13
0.00,6,8,2012,78,61,65,10
0.00,7,8,2012,72,60,62,8
0.00,8,8,2012,75,65,73,8
0.00,9,8,2012,76,68,78,10
1.17,10,8,2012,77,70,83,9
0.00,11,8,2012,76,69,84,8
0.01,12,8,2012,78,71,79,10
0.00,13,8,2012,79,62,69,8
0.00,14,8,2012,77,61,61,7
0.83,15,8,2012,75,67,74,8
1.00,16,8,2012,76,62,68,8
1.00,17,8,2012,76,62,61,10
0.04,18,8,2012,68,61,81,6
0.00,19,8,2012,67,57,72,6
0.00,20,8,2012,69,59,74,7
1.00,21,8,2012,75,56,56,8
0.00,22,8,2012,72,58,62,7
0.00,23,8,2012,77,61,59,9
0.00,24,8,2012,73,64,74,6
0.00,25,8,2012,72,64,77,7
0.00,26,8,2012,70,61,74,6
0.00,27,8,2012,74,62,66,11
0.15,28,8,2012,77,66,69,9
0.00,29,8,2012,69,49,52,9
0.00,30,8,2012,72,50,48,12
0.00,31,8,2012,79,53,41,15
0.00,1,7,2012,81,60,53,9
0.00,2,7,2012,77,59,55,8
0.00,3,7,2012,77,55,54,9
0.14,4,7,2012,76,67,73,8
0.00,5,7,2012,77,63,63,9
0.00,6,7,2012,74,63,68,8
1.00,7,7,2012,80,65,64,10
0.00,8,7,2012,80,59,51,9
0.00,9,7,2012,76,49,47,8
0.00,10,7,2012,74,50,50,7
0.00,11,7,2012,73,59,59,8
0.00,12,7,2012,75,59,62,11
0.00,13,7,2012,80,60,53,11
0.00,14,7,2012,82,61,55,11
1.00,15,7,2012,82,66,60,9
1.00,16,7,2012,80,68,65,10
0.00,17,7,2012,87,65,54,12
1.74,18,7,2012,80,69,72,8
0.06,19,7,2012,70,59,65,8
0.00,20,7,2012,68,58,74,7
0.00,21,7,2012,68,57,69,7
0.00,22,7,2012,73,57,56,11
0.02,23,7,2012,76,65,69,11
0.55,24,7,2012,80,67,69,10
0.00,25,7,2012,74,53,51,11
1.00,26,7,2012,75,64,73,8
0.02,27,7,2012,72,65,83,6
0.87,28,7,2012,68,64,90,7
1.00,29,7,2012,69,63,81,9
0.00,30,7,2012,72,61,72,8
0.48,31,7,2012,68,63,83,9
